{"train/loss_per_epoch": 0.5644665062427521, "train/learning_rate": 0.0067572904906028335, "step": 392, "_timestamp": 1723986579.2641113, "_runtime": 451.1141183376312, "_step": 391, "_wandb": {"runtime": 451}}