{"train/loss_per_epoch": 0.009469570126384497, "train/learning_rate": 0.01, "step": 1, "_timestamp": 1724073932.0324934, "_runtime": 7.448255300521851, "_step": 0, "_wandb": {"runtime": 6}}