{"train/loss_per_epoch": 0.004510863684117794, "train/learning_rate": 0.008179069375972308, "step": 200, "_timestamp": 1724168646.3103113, "_runtime": 245.5540633201599, "_step": 199, "_wandb": {"runtime": 243}}