{"train/loss_per_epoch": 0.364019513130188, "train/learning_rate": 0.00877521022998968, "step": 132, "_timestamp": 1723985665.872912, "_runtime": 163.545147895813, "_step": 131, "_wandb": {"runtime": 164}}