{"train/loss_per_epoch": 0.65406334400177, "train/learning_rate": 0.0001, "step": 1, "_timestamp": 1723798211.603738, "_runtime": 7.22031307220459, "_step": 0, "_wandb": {"runtime": 7}}