{"train/loss_per_epoch": 0.5951760709285736, "train/learning_rate": 0.009043820750088045, "step": 100, "_timestamp": 1723810520.6400535, "_runtime": 211.87189245224, "_step": 99, "_wandb": {"runtime": 211}}