{"train/loss_per_epoch": 0.036929529160261154, "train/learning_rate": 0.004998370298991989, "step": 693, "_timestamp": 1723818379.2291026, "_runtime": 1413.7630627155304, "_step": 692, "_wandb": {"runtime": 1414}}