{"train/loss_per_epoch": 0.6538732647895813, "train/learning_rate": 0.0, "step": 25, "_timestamp": 1723798356.1675556, "_runtime": 52.891653537750244, "_step": 24, "_wandb": {"runtime": 52}}