{"train/loss_per_epoch": 0.6449093818664551, "train/learning_rate": 9.043820750088047e-05, "step": 100, "_timestamp": 1723810259.8192635, "_runtime": 209.4771773815155, "_step": 99, "_wandb": {"runtime": 208}}