{
	"class_name" : "PinholeCameraParameters",
	"extrinsic" : 
	[
		1.0,
		-0.0,
		-0.0,
		0.0,
		0.0,
		-1.0,
		-0.0,
		0.0,
		0.0,
		-0.0,
		-1.0,
		0.0,
		0.17290309146932981,
		-0.089844065949191587,
		3.2754418011191699,
		1.0
	],
	"intrinsic" : 
	{
		"height" : 1136,
		"intrinsic_matrix" : 
		[
			983.80485869912241,
			0.0,
			0.0,
			0.0,
			983.80485869912241,
			0.0,
			924.5,
			567.5,
			1.0
		],
		"width" : 1850
	},
	"version_major" : 1,
	"version_minor" : 0
}