{"train/loss_per_epoch": 0.6544428169727325, "train/learning_rate": 0.001, "step": 1, "_timestamp": 1723796920.8408134, "_runtime": 7.221783399581909, "_step": 0, "_wandb": {"runtime": 7}}