{"train/loss_per_epoch": 0.6807408630847931, "train/learning_rate": 0.001, "step": 3, "_timestamp": 1723748173.5087306, "_runtime": 10.222593545913696, "_step": 2, "_wandb": {"runtime": 12}}