{"train/loss_per_epoch": 0.64671990275383, "train/learning_rate": 0.01, "step": 2, "_timestamp": 1723815489.7815435, "_runtime": 8.779894590377808, "_step": 1, "_wandb": {"runtime": 9}}