{"train/loss_per_epoch": 0.006215585861355066, "train/learning_rate": 0.009135172474836408, "step": 97, "_timestamp": 1724066024.472399, "_runtime": 105.38151288032532, "_step": 96, "_wandb": {"runtime": 105}}