{"train/loss_per_epoch": 0.005497762467712164, "train/learning_rate": 0.008687458127689783, "step": 149, "_timestamp": 1724152119.158993, "_runtime": 168.37898111343384, "_step": 148, "_wandb": {"runtime": 168}}