{"train/loss_per_epoch": 0.00738839921541512, "train/learning_rate": 0.008863848717161293, "step": 123, "_timestamp": 1724065841.898157, "_runtime": 133.0875837802887, "_step": 122, "_wandb": {"runtime": 133}}