{"train/loss_per_epoch": 0.6542485654354095, "train/learning_rate": 0.001, "step": 1, "_timestamp": 1723797815.2211094, "_runtime": 7.154942274093628, "_step": 0, "_wandb": {"runtime": 7}}