{"train/loss_per_epoch": 0.6498876512050629, "train/learning_rate": 9.801e-05, "step": 25, "_timestamp": 1723798967.0025222, "_runtime": 54.73366117477417, "_step": 24, "_wandb": {"runtime": 54}}