{"train/loss_per_epoch": 0.6540277004241943, "train/learning_rate": 1e-08, "step": 1, "_timestamp": 1723798019.0270467, "_runtime": 6.691668748855591, "_step": 0, "_wandb": {"runtime": 7}}