{"train/loss_per_epoch": 0.6526630520820618, "train/learning_rate": 9.801e-09, "step": 25, "_timestamp": 1723798840.735573, "_runtime": 53.20533299446106, "_step": 24, "_wandb": {"runtime": 52}}