{"train/loss_per_epoch": 0.008431663271039724, "train/learning_rate": 0.009801, "step": 20, "_timestamp": 1724076085.6720128, "_runtime": 31.466348886489868, "_step": 19, "_wandb": {"runtime": 31}}