{"train/loss_per_epoch": 0.6474809646606445, "train/learning_rate": 9.043820750088047e-05, "step": 100, "_timestamp": 1723799232.8763382, "_runtime": 198.91295218467712, "_step": 99, "_wandb": {"runtime": 198}}