{"train/loss_per_epoch": 0.004877898143604398, "train/learning_rate": 0.008687458127689783, "step": 149, "_timestamp": 1724066657.7749038, "_runtime": 170.66347074508667, "_step": 148, "_wandb": {"runtime": 170}}