{"train/loss_per_epoch": 0.6526762843132019, "train/learning_rate": 0.0001, "step": 4, "_timestamp": 1723809646.580181, "_runtime": 29.507020950317383, "_step": 3, "_wandb": {"runtime": 29}}