{
    "dataset/obj/mesh/bottle/bottle_0001_plastic/mesh.obj": [
        [
            0.08011204304319686,
            0.08652461686012483,
            0.13176100000000002
        ],
        [
            0.4602714761507407,
            0.4602714761507407,
            0.4602714761507407
        ],
        [
            0.0
        ]
    ],
    "dataset/obj/mesh/clock/clock_0001_normal/mesh.obj": [
        [
            -0.32580045695680315,
            0.17754861686012482,
            0.144777
        ],
        [
            0.15964874547479743,
            0.15964874547479743,
            0.15964874547479743
        ],
        [
            0.0
        ]
    ],
    "dataset/obj/mesh/bottle/bottle_0003_cola/mesh.obj": [
        [
            -0.5319939569568032,
            0.18369861686012479,
            0.14776099999999998
        ],
        [
            0.20673433655428078,
            0.20673433655428078,
            0.20673433655428078
        ],
        [
            0.0
        ]
    ],
    "dataset/obj/mesh/earphone/earphone_0001_white/mesh.obj": [
        [
            0.04541854304319686,
            -0.1888993831398752,
            0.140823
        ],
        [
            0.1989814567987855,
            0.1989814567987855,
            0.1989814567987855
        ],
        [
            0.0
        ]
    ],
    "dataset/obj/mesh/lamp/lamp_0018_red/mesh.obj": [
        [
            0.2696955430431969,
            -0.041265383139875156,
            0.13076300000000002
        ],
        [
            0.29959084452203233,
            0.29959084452203233,
            0.29959084452203233
        ],
        [
            0.0
        ]
    ],
    "dataset/obj/mesh/laptop/laptop_0006_black/mesh.obj": [
        [
            -0.3707099569568032,
            -0.11744788313987523,
            0.15278599999999998
        ],
        [
            0.5236088448525983,
            0.683545032767456,
            0.5176845047976457
        ],
        [
            180.0
        ]
    ],
    "dataset/obj/mesh/phone/phone_0000_normal/mesh.obj": [
        [
            -0.10969695695680316,
            0.16985411686012483,
            0.136768
        ],
        [
            0.13071977499418805,
            0.13071977499418805,
            0.13071977499418805
        ],
        [
            0.0
        ]
    ],
    "dataset/obj/mesh/eraser/eraser_0002_normal/mesh.obj": [
        [
            -0.11633595695680313,
            -0.04390688313987518,
            0.139761
        ],
        [
            0.04631207276498105,
            0.04631207276498105,
            0.04631207276498105
        ],
        [
            0.0
        ]
    ],
    "dataset/obj/mesh/plant/plant_0004_normal/mesh.obj": [
        [
            0.3978560430431969,
            0.13267111686012484,
            0.125761
        ],
        [
            0.26554751909998386,
            0.26554751909998386,
            0.26554751909998386
        ],
        [
            0.0
        ]
    ],
    "dataset/obj/mesh/table/table_0003_white/mesh.obj": [
        [
            0.3978560430431969,
            0.13267111686012484,
            0.125761
        ],
        [
            1.3160757026929573,
            0.7170176298665146,
            1.0593440399505083
        ],
        [
            0.0
        ]
    ]
}