{
    "dataset/obj/mesh/bottle/bottle_0002_mixture/mesh.obj": [
        [
            0.1021925,
            0.519656,
            0.11619299999999999
        ],
        [
            0.16220626000479768,
            0.16220626000479768,
            0.16220626000479768
        ],
        [
            0.0
        ]
    ],
    "dataset/obj/mesh/clock/clock_0001_normal/mesh.obj": [
        [
            -0.0351775,
            0.2199295,
            0.11613399999999999
        ],
        [
            0.18034577531803295,
            0.18034577531803295,
            0.18034577531803295
        ],
        [
            0.0
        ]
    ],
    "dataset/obj/mesh/cup/cup_0004_blue/mesh.obj": [
        [
            -0.19005149999999998,
            0.5464249999999999,
            0.11414099999999999
        ],
        [
            0.3695427917488024,
            0.3695427917488024,
            0.3695427917488024
        ],
        [
            0.0
        ]
    ],
    "dataset/obj/mesh/cup/cup_0004_white/mesh.obj": [
        [
            -0.12252299999999999,
            0.2703985,
            0.11513600000000002
        ],
        [
            0.193527246947798,
            0.193527246947798,
            0.193527246947798
        ],
        [
            0.0
        ]
    ],
    "dataset/obj/mesh/cup/cup_0003_green/mesh.obj": [
        [
            -0.23553000000000002,
            0.3395415,
            0.11617199999999998
        ],
        [
            0.1801646599155348,
            0.1801646599155348,
            0.1801646599155348
        ],
        [
            0.0
        ]
    ],
    "dataset/obj/mesh/phone/phone_0000_blue/mesh.obj": [
        [
            0.086718,
            0.197592,
            0.121136
        ],
        [
            0.11728345403387902,
            0.11728345403387902,
            0.11728345403387902
        ],
        [
            0.0
        ]
    ],
    "dataset/obj/mesh/phone/phone_0000_normal/mesh.obj": [
        [
            -0.0973385,
            0.38902749999999997,
            0.11413499999999999
        ],
        [
            0.1487227668604538,
            0.1487227668604538,
            0.1487227668604538
        ],
        [
            0.0
        ]
    ],
    "dataset/obj/mesh/book/book_0001_white/mesh.obj": [
        [
            0.117927,
            0.3595895,
            0.11713599999999999
        ],
        [
            0.31445295932510786,
            0.15215300154339112,
            0.0984475493766079
        ],
        [
            0.0
        ]
    ],
    "dataset/obj/mesh/plant/plant_0004_normal/mesh.obj": [
        [
            -0.0699655,
            0.6818835,
            0.11815099999999999
        ],
        [
            0.0794263003661601,
            0.0794263003661601,
            0.0794263003661601
        ],
        [
            0.0
        ]
    ],
    "dataset/obj/mesh/plant/plant_0003_normal/mesh.obj": [
        [
            0.1301275,
            0.613598,
            0.12216200000000002
        ],
        [
            0.1094546160635983,
            0.1094546160635983,
            0.1094546160635983
        ],
        [
            0.0
        ]
    ],
    "dataset/obj/mesh/table/table_0004_normal/mesh.obj": [
        [
            0.1301275,
            0.613598,
            0.12216200000000002
        ],
        [
            0.5768966239805103,
            1.2584220286130203,
            1.5882144540976542
        ],
        [
            0.0
        ]
    ]
}