{
    "dataset/obj/mesh/bottle/bottle_0001_plastic/mesh.obj": [
        [
            0.5389017249047587,
            -0.1208521874280149,
            -0.108049
        ],
        [
            0.310462560355472,
            0.310462560355472,
            0.310462560355472
        ],
        [
            0.0
        ],
        [
            -0.03496942296624184,
            0.03496942296624184,
            -0.03496942296624184,
            0.03496942296624184,
            -0.11811670660972595,
            0.11811670660972595
        ]
    ],
    "dataset/obj/mesh/keyboard/keyboard_0004_normal/mesh.obj": [
        [
            -0.052244775095241364,
            -0.3337861874280148,
            -0.11007
        ],
        [
            0.33230672884454115,
            0.24236703641197183,
            0.2573713426092227
        ],
        [
            0.0
        ],
        [
            -0.17228449881076813,
            0.17228449881076813,
            -0.06555649638175964,
            0.06555649638175964,
            -0.01387850008904934,
            0.01387850008904934
        ]
    ],
    "dataset/obj/mesh/monitor/monitor_0011_white/mesh.obj": [
        [
            -0.015338275095241355,
            -0.17445918742801486,
            -0.109071
        ],
        [
            0.5109222238235412,
            0.5109222238235412,
            0.5109222238235412
        ],
        [
            180.0
        ],
        [
            0.20303165912628174,
            -0.20303165912628174,
            0.06550667434930801,
            -0.06550667434930801,
            -0.14016549289226532,
            0.14016549289226532
        ]
    ],
    "dataset/obj/mesh/earphone/earphone_0001_normal/mesh.obj": [
        [
            0.5384702249047587,
            -0.33593718742801487,
            -0.11005
        ],
        [
            0.05285577930098432,
            0.05285577930098432,
            0.05285577930098432
        ],
        [
            0.0
        ],
        [
            -0.01947253756225109,
            0.01947253756225109,
            -0.023467067629098892,
            0.023467067629098892,
            -0.010779203847050667,
            0.010779203847050667
        ]
    ],
    "dataset/obj/mesh/cup/cup_0004_white/mesh.obj": [
        [
            0.46023372490475867,
            -0.38613718742801484,
            -0.105071
        ],
        [
            0.18555576857532918,
            0.18555576857532918,
            0.18555576857532918
        ],
        [
            0.0
        ],
        [
            -0.04167505353689194,
            0.04167505353689194,
            -0.04167579486966133,
            0.04167579486966133,
            -0.07352049648761749,
            0.07352049648761749
        ]
    ],
    "dataset/obj/mesh/phone/phone_0000_normal/mesh.obj": [
        [
            -0.29943377509524133,
            -0.14335868742801483,
            -0.10807
        ],
        [
            0.13573301528646736,
            0.13573301528646736,
            0.13573301528646736
        ],
        [
            0.0
        ],
        [
            -0.044899217784404755,
            0.044899217784404755,
            -0.06734883040189743,
            0.06734883040189743,
            -0.008979844860732555,
            0.008979844860732555
        ]
    ],
    "dataset/obj/mesh/phone/phone_0000_blue/mesh.obj": [
        [
            -0.3156322750952413,
            -0.3094676874280149,
            -0.110058
        ],
        [
            0.13546984153965794,
            0.13546984153965794,
            0.13546984153965794
        ],
        [
            0.0
        ],
        [
            -0.04481216147542,
            0.04481216147542,
            -0.06721825152635574,
            0.06721825152635574,
            -0.008962434716522694,
            0.008962434716522694
        ]
    ],
    "dataset/obj/mesh/eraser/eraser_0002_normal/mesh.obj": [
        [
            0.24954472490475865,
            -0.35806568742801487,
            -0.111071
        ],
        [
            0.05020327774273461,
            0.05020327774273461,
            0.05020327774273461
        ],
        [
            0.0
        ],
        [
            -0.01578684337437153,
            0.01578684337437153,
            -0.023680267855525017,
            0.023680267855525017,
            -0.009866777807474136,
            0.009866777807474136
        ]
    ],
    "dataset/obj/mesh/book/book_0001_blue/mesh.obj": [
        [
            0.32289622490475867,
            -0.12213218742801488,
            -0.108073
        ],
        [
            0.20094428289549854,
            0.2190942156216877,
            0.16053199794734282
        ],
        [
            0.0
        ],
        [
            -0.06647050380706787,
            0.06647050380706787,
            -0.10871150344610214,
            0.10871150344610214,
            -0.010620500892400742,
            0.010620500892400742
        ]
    ],
    "dataset/obj/mesh/desk/desk_0208_wooden/mesh.obj": [
        [
            0.3534147249047586,
            -0.3518016874280149,
            -0.111071
        ],
        [
            1.3575433058856912,
            3.5845556438783768,
            2.351337261332716
        ],
        [
            0.0
        ]
    ]
}