{
    "dataset/obj/mesh/bottle/bottle_0002_glass/mesh.obj": [
        [
            0.5389017249047587,
            -0.1208521874280149,
            -0.108049
        ],
        [
            0.18206966818821746,
            0.18206966818821746,
            0.18206966818821746
        ],
        [
            0.0
        ]
    ],
    "dataset/obj/mesh/keyboard/keyboard_0002_normal/mesh.obj": [
        [
            -0.052244775095241364,
            -0.3337861874280148,
            -0.11007
        ],
        [
            0.3018328787357174,
            0.5128513820089324,
            1.2281122787894667
        ],
        [
            0.0
        ]
    ],
    "dataset/obj/mesh/monitor/monitor_0011_white/mesh.obj": [
        [
            -0.015338275095241355,
            -0.17445918742801486,
            -0.109071
        ],
        [
            0.5109222203273556,
            0.5109222203273556,
            0.5109222203273556
        ],
        [
            180.0
        ]
    ],
    "dataset/obj/mesh/earphone/earphone_0001_white/mesh.obj": [
        [
            0.5384702249047587,
            -0.33593718742801487,
            -0.11005
        ],
        [
            0.052855778750235886,
            0.052855778750235886,
            0.052855778750235886
        ],
        [
            0.0
        ]
    ],
    "dataset/obj/mesh/cup/cup_0001_red/mesh.obj": [
        [
            0.46023372490475867,
            -0.38613718742801484,
            -0.105071
        ],
        [
            0.12742671138406877,
            0.12742671138406877,
            0.12742671138406877
        ],
        [
            0.0
        ]
    ],
    "dataset/obj/mesh/phone/phone_0000_blue/mesh.obj": [
        [
            -0.3156322750952413,
            -0.3094676874280149,
            -0.110058
        ],
        [
            0.13546984446893273,
            0.13546984446893273,
            0.13546984446893273
        ],
        [
            0.0
        ]
    ],
    "dataset/obj/mesh/eraser/eraser_0002_normal/mesh.obj": [
        [
            0.24954472490475865,
            -0.35806568742801487,
            -0.111071
        ],
        [
            0.050203277778912335,
            0.050203277778912335,
            0.050203277778912335
        ],
        [
            0.0
        ]
    ],
    "dataset/obj/mesh/book/book_0001_green/mesh.obj": [
        [
            0.32289622490475867,
            -0.12213218742801488,
            -0.108073
        ],
        [
            0.20094428378951326,
            0.2190942166837385,
            0.1605320084634481
        ],
        [
            0.0
        ]
    ],
    "dataset/obj/mesh/desk/desk_0223_white/mesh.obj": [
        [
            0.3534147249047586,
            -0.3518016874280149,
            -0.111071
        ],
        [
            1.7758492357777025,
            2.3789366400305267,
            1.947059158959049
        ],
        [
            0.0
        ]
    ]
}