{
    "dataset/obj/mesh/bottle/bottle_0003_cola/mesh.obj": [
        [
            0.5389017249047587,
            -0.1208521874280149,
            -0.108049
        ],
        [
            0.22910094483589372,
            0.22910094483589372,
            0.22910094483589372
        ],
        [
            0.0
        ],
        [
            [
                0.5041839943524583,
                -0.1555701490115139,
                -0.09902934103495133
            ],
            [
                0.5736194367653745,
                -0.0861347111806165,
                0.1451188255612348
            ]
        ]
    ],
    "dataset/obj/mesh/keyboard/keyboard_0002_normal/mesh.obj": [
        [
            -0.052244775095241364,
            -0.3337861874280148,
            -0.11007
        ],
        [
            0.30183288082359055,
            0.5128513837556682,
            1.2281119366268225
        ],
        [
            0.0
        ],
        [
            [
                -0.2217916050090751,
                -0.4025242172250044,
                -0.11753545913985951
            ],
            [
                0.12277739499092491,
                -0.2714112172250044,
                -0.0897784591398595
            ]
        ]
    ],
    "dataset/obj/mesh/monitor/monitor_0014_black/mesh.obj": [
        [
            -0.015338275095241355,
            -0.17445918742801486,
            -0.109071
        ],
        [
            0.40598505810052926,
            0.40598505810052926,
            0.40598505810052926
        ],
        [
            180.0
        ],
        [
            [
                -0.1670800505823346,
                -0.2416452378679822,
                -0.09762357946798059
            ],
            [
                0.13651140433925438,
                -0.08608469121809677,
                0.202841496196582
            ]
        ]
    ],
    "dataset/obj/mesh/earphone/earphone_0001_normal/mesh.obj": [
        [
            0.5384702249047587,
            -0.33593718742801487,
            -0.11005
        ],
        [
            0.05285577930098432,
            0.05285577930098432,
            0.05285577930098432
        ],
        [
            0.0
        ],
        [
            [
                0.5189976705893546,
                -0.35352413728644,
                -0.11022435995142911
            ],
            [
                0.557942745382729,
                -0.3065899991923154,
                -0.08866595273675983
            ]
        ]
    ],
    "dataset/obj/mesh/cup/cup_0001_red/mesh.obj": [
        [
            0.46023372490475867,
            -0.38613718742801484,
            -0.105071
        ],
        [
            0.12742671171578804,
            0.12742671171578804,
            0.12742671171578804
        ],
        [
            0.0
        ],
        [
            [
                0.4083755960578181,
                -0.4355354266127543,
                -0.09995968033100079
            ],
            [
                0.5252120215778926,
                -0.33687186219119175,
                -0.019508308536788435
            ]
        ]
    ],
    "dataset/obj/mesh/phone/phone_0000_blue/mesh.obj": [
        [
            -0.29943377509524133,
            -0.14335868742801483,
            -0.10807
        ],
        [
            0.13573301528646736,
            0.13573301528646736,
            0.13573301528646736
        ],
        [
            0.0
        ],
        [
            [
                -0.34433299423496255,
                -0.21070752020958716,
                -0.10807
            ],
            [
                -0.2545345559555201,
                -0.07600985464644251,
                -0.09011030962945121
            ]
        ]
    ],
    "dataset/obj/mesh/phone/phone_0000_normal/mesh.obj": [
        [
            -0.3156322750952413,
            -0.3094676874280149,
            -0.110058
        ],
        [
            0.13546984153965794,
            0.13546984153965794,
            0.13546984153965794
        ],
        [
            0.0
        ],
        [
            [
                -0.3604444388070338,
                -0.3766859370597989,
                -0.110058
            ],
            [
                -0.27082011138344875,
                -0.24224943779623087,
                -0.09213313180588616
            ]
        ]
    ],
    "dataset/obj/mesh/eraser/eraser_0002_normal/mesh.obj": [
        [
            0.24954472490475865,
            -0.35806568742801487,
            -0.111071
        ],
        [
            0.05020327774273461,
            0.05020327774273461,
            0.05020327774273461
        ],
        [
            0.0
        ],
        [
            [
                0.2337578810049244,
                -0.3817459545328482,
                -0.111071
            ],
            [
                0.2653315688045929,
                -0.3343854203231815,
                -0.09133744399563343
            ]
        ]
    ],
    "dataset/obj/mesh/book/book_0001_blue/mesh.obj": [
        [
            0.32289622490475867,
            -0.12213218742801488,
            -0.108073
        ],
        [
            0.20094428289549854,
            0.2190942156216877,
            0.16053199794734282
        ],
        [
            0.0
        ],
        [
            [
                0.2564257249047587,
                -0.23084368742801487,
                -0.108073
            ],
            [
                0.38936672490475865,
                -0.013420687428014888,
                -0.08683199999999999
            ]
        ]
    ],
    "dataset/obj/mesh/desk/desk_0202_wooden/mesh.obj": [
        [
            0.3534147249047586,
            -0.3518016874280149,
            -0.111071
        ],
        [
            1.5427699548480907,
            2.0272495816071054,
            2.1769812746436434
        ],
        [
            0.0
        ]
    ]
}