{
    "dataset/obj/mesh/bottle/bottle_0001_plastic/mesh.obj": [
        [
            0.5389017249047587,
            -0.1208521874280149,
            -0.108049
        ],
        [
            0.310462560355472,
            0.310462560355472,
            0.310462560355472
        ],
        [
            0.0
        ]
    ],
    "dataset/obj/mesh/keyboard/keyboard_0007_yellow/mesh.obj": [
        [
            -0.052244775095241364,
            -0.3337861874280148,
            -0.11007
        ],
        [
            0.3239827535403942,
            0.31279930386510507,
            0.9227934674055133
        ],
        [
            0.0
        ]
    ],
    "dataset/obj/mesh/monitor/monitor_0011_white/mesh.obj": [
        [
            -0.015338275095241355,
            -0.17445918742801486,
            -0.109071
        ],
        [
            0.5109222238235412,
            0.5109222238235412,
            0.5109222238235412
        ],
        [
            180.0
        ]
    ],
    "dataset/obj/mesh/earphone/earphone_0001_red/mesh.obj": [
        [
            0.5384702249047587,
            -0.33593718742801487,
            -0.11005
        ],
        [
            0.05285577930098432,
            0.05285577930098432,
            0.05285577930098432
        ],
        [
            0.0
        ]
    ],
    "dataset/obj/mesh/cup/cup_0004_blue/mesh.obj": [
        [
            0.46023372490475867,
            -0.38613718742801484,
            -0.105071
        ],
        [
            0.18555576857532918,
            0.18555576857532918,
            0.18555576857532918
        ],
        [
            0.0
        ]
    ],
    "dataset/obj/mesh/phone/phone_0000_blue/mesh.obj": [
        [
            -0.29943377509524133,
            -0.14335868742801483,
            -0.10807
        ],
        [
            0.13573301528646736,
            0.13573301528646736,
            0.13573301528646736
        ],
        [
            0.0
        ]
    ],
    "dataset/obj/mesh/phone/phone_0000_normal/mesh.obj": [
        [
            -0.3156322750952413,
            -0.3094676874280149,
            -0.110058
        ],
        [
            0.13546984153965794,
            0.13546984153965794,
            0.13546984153965794
        ],
        [
            0.0
        ]
    ],
    "dataset/obj/mesh/eraser/eraser_0002_normal/mesh.obj": [
        [
            0.24954472490475865,
            -0.35806568742801487,
            -0.111071
        ],
        [
            0.05020327774273461,
            0.05020327774273461,
            0.05020327774273461
        ],
        [
            0.0
        ]
    ],
    "dataset/obj/mesh/book/book_0001_purple/mesh.obj": [
        [
            0.32289622490475867,
            -0.12213218742801488,
            -0.108073
        ],
        [
            0.20399408013448345,
            0.22241948468463188,
            0.08691651341737103
        ],
        [
            0.0
        ]
    ],
    "dataset/obj/mesh/desk/desk_0237_red/mesh.obj": [
        [
            0.3534147249047586,
            -0.3518016874280149,
            -0.111071
        ],
        [
            1.3343634188612765,
            1.7834539256640933,
            2.2293479207645652
        ],
        [
            0.0
        ]
    ]
}