{
    "dataset/obj/mesh/keyboard/keyboard_0006_white/mesh.obj": [
        [
            0.4268776706579466,
            -1.676385207751823,
            -0.49549999999999994
        ],
        [
            0.30900385872824365,
            0.4556344019189122,
            0.25999406475305387
        ],
        [
            0.0
        ]
    ],
    "dataset/obj/mesh/monitor/monitor_0011_white/mesh.obj": [
        [
            0.4211826326422703,
            -1.6020279799625894,
            -0.493008
        ],
        [
            0.5469655881413839,
            0.5469655881413839,
            0.5469655881413839
        ],
        [
            180.0
        ]
    ],
    "dataset/obj/mesh/lamp/lamp_0001_normal/mesh.obj": [
        [
            0.05958837728673361,
            -1.7948955971719074,
            -0.48353
        ],
        [
            0.3204342436942083,
            0.3204342436942083,
            0.3204342436942083
        ],
        [
            0.0
        ]
    ],
    "dataset/obj/mesh/cup/cup_0002_yellow/mesh.obj": [
        [
            0.26441882702016556,
            -1.3633624707493808,
            -0.492352
        ],
        [
            0.1087733889233841,
            0.1087733889233841,
            0.1087733889233841
        ],
        [
            0.0
        ]
    ],
    "dataset/obj/mesh/printer/printer_0002_normal/mesh.obj": [
        [
            -0.48676899090555137,
            -1.5477101583521822,
            -0.473058
        ],
        [
            0.32942817672861807,
            0.5954182750288287,
            0.27625574794462676
        ],
        [
            0.0
        ]
    ],
    "dataset/obj/mesh/book/book_0001_purple/mesh.obj": [
        [
            0.07429018792777373,
            -1.2904070821538496,
            -0.485058
        ],
        [
            0.3723394208937876,
            0.24872176959573025,
            0.1583491943046667
        ],
        [
            0.0
        ]
    ],
    "dataset/obj/mesh/eraser/eraser_0002_normal/mesh.obj": [
        [
            -0.02956011015136037,
            -1.4465595939636184,
            -0.488058
        ],
        [
            0.08778781988377593,
            0.08778781988377593,
            0.08778781988377593
        ],
        [
            0.0
        ]
    ],
    "dataset/obj/mesh/plant/plant_0007_normal/mesh.obj": [
        [
            -0.735097821390455,
            -1.3116683688505666,
            -0.471541
        ],
        [
            0.48548925587785874,
            0.48548925587785874,
            0.48548925587785874
        ],
        [
            0.0
        ]
    ],
    "dataset/obj/mesh/bowl/bowl_0006_blue/mesh.obj": [
        [
            0.5138461478896426,
            -1.3536995030310761,
            -0.494058
        ],
        [
            0.12644625850810073,
            0.12925679663996667,
            0.7681109388494093
        ],
        [
            0.0
        ]
    ],
    "dataset/obj/mesh/table/table_0003_white/mesh.obj": [
        [
            0.5138461478896426,
            -1.3536995030310761,
            -0.494058
        ],
        [
            1.3891305443434887,
            0.7410359994058373,
            1.114785552347012
        ],
        [
            0.0
        ]
    ]
}