{
    "dataset/obj/mesh/keyboard/keyboard_0002_normal/mesh.obj": [
        [
            0.4268776706579466,
            -1.676385207751823,
            -0.49549999999999994
        ],
        [
            0.2655857713158666,
            0.9917640551562298,
            1.1256844720848664
        ],
        [
            0.0
        ]
    ],
    "dataset/obj/mesh/monitor/monitor_0012_white/mesh.obj": [
        [
            0.4211826326422703,
            -1.6020279799625894,
            -0.493008
        ],
        [
            0.5517155806392903,
            0.5517155806392903,
            0.5517155806392903
        ],
        [
            180.0
        ]
    ],
    "dataset/obj/mesh/lamp/lamp_0005_yellow/mesh.obj": [
        [
            0.05958837728673361,
            -1.7948955971719074,
            -0.48353
        ],
        [
            0.708196257240361,
            0.708196257240361,
            0.708196257240361
        ],
        [
            0.0
        ]
    ],
    "dataset/obj/mesh/cup/cup_0004_blue/mesh.obj": [
        [
            0.26441882702016556,
            -1.3633624707493808,
            -0.492352
        ],
        [
            0.16425965237403836,
            0.16425965237403836,
            0.16425965237403836
        ],
        [
            0.0
        ]
    ],
    "dataset/obj/mesh/printer/printer_0001_normal/mesh.obj": [
        [
            -0.48676899090555137,
            -1.5477101583521822,
            -0.473058
        ],
        [
            0.4787429128968978,
            0.7157257888723738,
            0.24123287398700763
        ],
        [
            0.0
        ]
    ],
    "dataset/obj/mesh/book/book_0001_blue/mesh.obj": [
        [
            0.07429018792777373,
            -1.2904070821538496,
            -0.485058
        ],
        [
            0.36677279005303726,
            0.24500326981190915,
            0.2924658564364331
        ],
        [
            0.0
        ]
    ],
    "dataset/obj/mesh/eraser/eraser_0002_normal/mesh.obj": [
        [
            -0.02956011015136037,
            -1.4465595939636184,
            -0.488058
        ],
        [
            0.08778781988377593,
            0.08778781988377593,
            0.08778781988377593
        ],
        [
            0.0
        ]
    ],
    "dataset/obj/mesh/plant/plant_0007_normal/mesh.obj": [
        [
            -0.735097821390455,
            -1.3116683688505666,
            -0.471541
        ],
        [
            0.48548925587785874,
            0.48548925587785874,
            0.48548925587785874
        ],
        [
            0.0
        ]
    ],
    "dataset/obj/mesh/bowl/bowl_0002_glass/mesh.obj": [
        [
            0.5138461478896426,
            -1.3536995030310761,
            -0.494058
        ],
        [
            0.1284114108857188,
            0.13126697819915817,
            0.5164101569758996
        ],
        [
            0.0
        ]
    ],
    "dataset/obj/mesh/table/table_0003_wooden/mesh.obj": [
        [
            0.5138461478896426,
            -1.3536995030310761,
            -0.494058
        ],
        [
            1.3891305443434887,
            0.7410359994058373,
            1.114785552347012
        ],
        [
            0.0
        ]
    ]
}