{
    "dataset/obj/mesh/cup/cup_0003_green/mesh.obj": [
        [
            2.181298468603929,
            1.050655943300633,
            -0.509515
        ],
        [
            0.3799872412787839,
            0.3799872412787839,
            0.3799872412787839
        ],
        [
            0.0
        ]
    ],
    "dataset/obj/mesh/clock/clock_0001_normal/mesh.obj": [
        [
            1.4839847737201335,
            1.373127478645675,
            -0.520501
        ],
        [
            0.16222998067228953,
            0.16222998067228953,
            0.16222998067228953
        ],
        [
            0.0
        ]
    ],
    "dataset/obj/mesh/bottle/bottle_0004_brown/mesh.obj": [
        [
            1.6154553131653613,
            1.246674393395851,
            -0.518469
        ],
        [
            0.2856587871136121,
            0.2856587871136121,
            0.2856587871136121
        ],
        [
            0.0
        ]
    ],
    "dataset/obj/mesh/keyboard/keyboard_0002_normal/mesh.obj": [
        [
            1.5704365603536035,
            0.9984495103724417,
            -0.510519
        ],
        [
            0.23640123651759362,
            0.8382159651407591,
            1.1815218199258783
        ],
        [
            0.0
        ]
    ],
    "dataset/obj/mesh/monitor/monitor_0013_blue/mesh.obj": [
        [
            1.5315398126979067,
            1.1528174032454843,
            -0.513515
        ],
        [
            0.9551749119302889,
            0.9551749119302889,
            0.9551749119302889
        ],
        [
            180.0
        ]
    ],
    "dataset/obj/mesh/remote control/remote_control_0000_normal/mesh.obj": [
        [
            1.9684074510313514,
            1.49712353452079,
            -0.519515
        ],
        [
            0.1038084093603891,
            0.1038084093603891,
            0.1038084093603891
        ],
        [
            0.0
        ]
    ],
    "dataset/obj/mesh/phone/phone_0000_blue/mesh.obj": [
        [
            1.581944858308534,
            1.521790660079397,
            -0.522503
        ],
        [
            0.1659699309094246,
            0.1659699309094246,
            0.1659699309094246
        ],
        [
            0.0
        ]
    ],
    "dataset/obj/mesh/plant/plant_0006_normal/mesh.obj": [
        [
            2.089317243690295,
            1.2648758044181694,
            -0.5085
        ],
        [
            0.1116556198664947,
            0.1116556198664947,
            0.1116556198664947
        ],
        [
            0.0
        ]
    ],
    "dataset/obj/mesh/book/book_0001_purple/mesh.obj": [
        [
            1.9189582875855837,
            1.0231061549320917,
            -0.510516
        ],
        [
            0.3784950633077129,
            0.24019395953662598,
            0.041487996306140286
        ],
        [
            0.0
        ]
    ],
    "dataset/obj/mesh/table/table_0004_normal/mesh.obj": [
        [
            1.9189582875855837,
            1.0231061549320917,
            -0.510516
        ],
        [
            1.315652926232571,
            1.8498907919360545,
            2.1104485910121498
        ],
        [
            0.0
        ]
    ]
}