{
    "dataset/obj/mesh/cup/cup_0004_white/mesh.obj": [
        [
            2.181298468603929,
            1.050655943300633,
            -0.509515
        ],
        [
            0.4488057851548164,
            0.4488057851548164,
            0.4488057851548164
        ],
        [
            0.0
        ]
    ],
    "dataset/obj/mesh/clock/clock_0001_normal/mesh.obj": [
        [
            1.4839847737201335,
            1.373127478645675,
            -0.520501
        ],
        [
            0.16222998067228953,
            0.16222998067228953,
            0.16222998067228953
        ],
        [
            0.0
        ]
    ],
    "dataset/obj/mesh/bottle/bottle_0001_plastic/mesh.obj": [
        [
            1.6154553131653613,
            1.246674393395851,
            -0.518469
        ],
        [
            0.255738648650869,
            0.255738648650869,
            0.255738648650869
        ],
        [
            0.0
        ]
    ],
    "dataset/obj/mesh/keyboard/keyboard_0007_yellow/mesh.obj": [
        [
            1.5704365603536035,
            0.9984495103724417,
            -0.510519
        ],
        [
            0.25374943690143476,
            0.5112462960801143,
            0.8877860270777381
        ],
        [
            0.0
        ]
    ],
    "dataset/obj/mesh/monitor/monitor_0010_normal/mesh.obj": [
        [
            1.5315398126979067,
            1.1528174032454843,
            -0.513515
        ],
        [
            0.5009874820752688,
            0.5009874820752688,
            0.5009874820752688
        ],
        [
            180.0
        ]
    ],
    "dataset/obj/mesh/remote control/remote_control_0000_normal/mesh.obj": [
        [
            1.9684074510313514,
            1.49712353452079,
            -0.519515
        ],
        [
            0.1038084093603891,
            0.1038084093603891,
            0.1038084093603891
        ],
        [
            0.0
        ]
    ],
    "dataset/obj/mesh/phone/phone_0000_normal/mesh.obj": [
        [
            1.581944858308534,
            1.521790660079397,
            -0.522503
        ],
        [
            0.1659699309094246,
            0.1659699309094246,
            0.1659699309094246
        ],
        [
            0.0
        ]
    ],
    "dataset/obj/mesh/plant/plant_0004_normal/mesh.obj": [
        [
            2.089317243690295,
            1.2648758044181694,
            -0.5085
        ],
        [
            0.10630651232491989,
            0.10630651232491989,
            0.10630651232491989
        ],
        [
            0.0
        ]
    ],
    "dataset/obj/mesh/book/book_0001_green/mesh.obj": [
        [
            1.9189582875855837,
            1.0231061549320917,
            -0.510516
        ],
        [
            0.37283640302558957,
            0.23660295426168035,
            0.07662699153467871
        ],
        [
            0.0
        ]
    ],
    "dataset/obj/mesh/table/table_0003_wooden/mesh.obj": [
        [
            1.9189582875855837,
            1.0231061549320917,
            -0.510516
        ],
        [
            1.2800792393933031,
            0.8999360238482166,
            1.2438772534110039
        ],
        [
            0.0
        ]
    ]
}