{
    "dataset/obj/mesh/cup/cup_0002_yellow/mesh.obj": [
        [
            2.181298468603929,
            1.050655943300633,
            -0.509515
        ],
        [
            0.30132319981311945,
            0.30132319981311945,
            0.30132319981311945
        ],
        [
            0.0
        ]
    ],
    "dataset/obj/mesh/clock/clock_0002_wooden/mesh.obj": [
        [
            1.4839847737201335,
            1.373127478645675,
            -0.520501
        ],
        [
            0.18083208086924318,
            0.18083208086924318,
            0.18083208086924318
        ],
        [
            0.0
        ]
    ],
    "dataset/obj/mesh/bottle/bottle_0004_brown/mesh.obj": [
        [
            1.6154553131653613,
            1.246674393395851,
            -0.518469
        ],
        [
            0.2856587871136121,
            0.2856587871136121,
            0.2856587871136121
        ],
        [
            0.0
        ]
    ],
    "dataset/obj/mesh/keyboard/keyboard_0003_black/mesh.obj": [
        [
            1.5704365603536035,
            0.9984495103724417,
            -0.510519
        ],
        [
            0.24769205766004826,
            0.6058279520848978,
            0.9117982680476561
        ],
        [
            0.0
        ]
    ],
    "dataset/obj/mesh/monitor/monitor_0013_blue/mesh.obj": [
        [
            1.5315398126979067,
            1.1528174032454843,
            -0.513515
        ],
        [
            0.9551749119302889,
            0.9551749119302889,
            0.9551749119302889
        ],
        [
            180.0
        ]
    ],
    "dataset/obj/mesh/remote control/remote_control_0000_normal/mesh.obj": [
        [
            1.9684074510313514,
            1.49712353452079,
            -0.519515
        ],
        [
            0.1038084093603891,
            0.1038084093603891,
            0.1038084093603891
        ],
        [
            0.0
        ]
    ],
    "dataset/obj/mesh/phone/phone_0000_blue/mesh.obj": [
        [
            1.581944858308534,
            1.521790660079397,
            -0.522503
        ],
        [
            0.1659699309094246,
            0.1659699309094246,
            0.1659699309094246
        ],
        [
            0.0
        ]
    ],
    "dataset/obj/mesh/plant/plant_0006_normal/mesh.obj": [
        [
            2.089317243690295,
            1.2648758044181694,
            -0.5085
        ],
        [
            0.1116556198664947,
            0.1116556198664947,
            0.1116556198664947
        ],
        [
            0.0
        ]
    ],
    "dataset/obj/mesh/book/book_0001_red/mesh.obj": [
        [
            1.9189582875855837,
            1.0231061549320917,
            -0.510516
        ],
        [
            0.37283640302558957,
            0.23660295426168035,
            0.07662699153467871
        ],
        [
            0.0
        ]
    ],
    "dataset/obj/mesh/table/table_0003_wooden/mesh.obj": [
        [
            1.9189582875855837,
            1.0231061549320917,
            -0.510516
        ],
        [
            1.2800792393933031,
            0.8999360238482166,
            1.2438772534110039
        ],
        [
            0.0
        ]
    ]
}