{
    "dataset/obj/mesh/clock/clock_0001_normal/mesh.obj": [
        [
            0.3125035,
            0.1779055,
            0.02838299999999999
        ],
        [
            0.18696023168240972,
            0.18696023168240972,
            0.18696023168240972
        ],
        [
            0.0
        ],
        [
            [
                0.2563047281618183,
                0.1038929337470917,
                0.03149017966509377
            ],
            [
                0.3686644695971855,
                0.25775010646236224,
                0.12082633318867192
            ]
        ]
    ],
    "dataset/obj/mesh/bottle/bottle_0004_brown/mesh.obj": [
        [
            0.30298749999999997,
            -0.17589749999999998,
            0.022383000000000014
        ],
        [
            0.31733095377222154,
            0.31733095377222154,
            0.31733095377222154
        ],
        [
            0.0
        ],
        [
            [
                0.2719256232518726,
                -0.2080466492093144,
                0.03751852997255245
            ],
            [
                0.33405040529176916,
                -0.14374864517236605,
                0.26656715561176675
            ]
        ]
    ],
    "dataset/obj/mesh/bottle/bottle_0003_cola/mesh.obj": [
        [
            0.6230095,
            0.235375,
            0.029387999999999997
        ],
        [
            0.22277198684197455,
            0.22277198684197455,
            0.22277198684197455
        ],
        [
            0.0
        ],
        [
            [
                0.589250853481452,
                0.2016161288325351,
                0.038158489138402446
            ],
            [
                0.6567681283432247,
                0.26913339923886814,
                0.2755620153238453
            ]
        ]
    ],
    "dataset/obj/mesh/cup/cup_0004_white/mesh.obj": [
        [
            0.689614,
            -0.195,
            0.01638300000000001
        ],
        [
            0.20291818238234338,
            0.20291818238234338,
            0.20291818238234338
        ],
        [
            0.0
        ],
        [
            [
                0.6440393646431608,
                -0.24057511016861438,
                0.002322495619972484
            ],
            [
                0.7351885279483956,
                -0.14942433163464774,
                0.16312208316867055
            ]
        ]
    ],
    "dataset/obj/mesh/cup/cup_0002_yellow/mesh.obj": [
        [
            0.1121725,
            0.1510935,
            0.03140699999999999
        ],
        [
            0.13865311365974528,
            0.13865311365974528,
            0.13865311365974528
        ],
        [
            0.0
        ],
        [
            [
                0.06172445441573257,
                0.10064526789723047,
                0.028968040843097925
            ],
            [
                0.16262144339212634,
                0.20154227351199785,
                0.1604266856914568
            ]
        ]
    ],
    "dataset/obj/mesh/phone/phone_0000_blue/mesh.obj": [
        [
            0.323197,
            0.35271050000000004,
            0.03150800000000001
        ],
        [
            0.12039014895389603,
            0.12039014895389603,
            0.12039014895389603
        ],
        [
            0.0
        ],
        [
            [
                0.2833730583544365,
                0.29297458391995024,
                0.03150800000000001
            ],
            [
                0.36302094164556353,
                0.41244641608004984,
                0.0474375790660284
            ]
        ]
    ],
    "dataset/obj/mesh/plant/plant_0006_normal/mesh.obj": [
        [
            0.6196090000000001,
            -0.025870499999999998,
            0.023429000000000005
        ],
        [
            0.08251286849407778,
            0.08251286849407778,
            0.08251286849407778
        ],
        [
            0.0
        ],
        [
            [
                0.5800357022600693,
                -0.06347449227767535,
                0.024996246275976526
            ],
            [
                0.6602789767441211,
                0.01602884640789843,
                0.10751671585549999
            ]
        ]
    ],
    "dataset/obj/mesh/plant/plant_0003_normal/mesh.obj": [
        [
            0.473206,
            -0.243539,
            0.023392000000000003
        ],
        [
            0.10382499655212556,
            0.10382499655212556,
            0.10382499655212556
        ],
        [
            0.0
        ],
        [
            [
                0.4178452868510576,
                -0.29974437881579014,
                0.02102157617391336
            ],
            [
                0.5305184697183479,
                -0.18346521469274907,
                0.0782122091876971
            ]
        ]
    ],
    "dataset/obj/mesh/bowl/bowl_0007_wooden/mesh.obj": [
        [
            0.429392,
            0.047064499999999995,
            0.02638299999999999
        ],
        [
            0.15296317470504817,
            0.1746733559291957,
            0.6992595863439496
        ],
        [
            0.0
        ],
        [
            [
                0.34101864819270267,
                -0.024313340353220553,
                0.017867303526725747
            ],
            [
                0.5177666481927026,
                0.11805965964677945,
                0.2628813035267258
            ]
        ]
    ],
    "dataset/obj/mesh/vase/vase_0002_yellow/mesh.obj": [
        [
            0.187421,
            -0.0372035,
            0.032382999999999995
        ],
        [
            0.35508710487672684,
            0.35508710487672684,
            0.35508710487672684
        ],
        [
            0.0
        ],
        [
            [
                0.12474847751511553,
                -0.09987602222322423,
                0.05818612502521675
            ],
            [
                0.25009352246413247,
                0.02546902272579272,
                0.47619337947077994
            ]
        ]
    ],
    "dataset/obj/mesh/table/table_0003_wooden/mesh.obj": [
        [
            0.187421,
            -0.0372035,
            0.032382999999999995
        ],
        [
            0.8588230434883838,
            0.8015111550477129,
            1.1663981906271175
        ],
        [
            0.0
        ]
    ]
}