{
    "dataset/obj/mesh/cup/cup_0004_blue/mesh.obj": [
        [
            -0.7140456774295935,
            -0.24853932766511866,
            0.23858999999999997
        ],
        [
            0.3223767332115181,
            0.3223767332115181,
            0.3223767332115181
        ],
        [
            0.0
        ]
    ],
    "dataset/obj/mesh/clock/clock_0002_wooden/mesh.obj": [
        [
            -0.32660317742959344,
            -0.0787138276651187,
            0.23662599999999998
        ],
        [
            0.21322278320794186,
            0.21322278320794186,
            0.21322278320794186
        ],
        [
            0.0
        ]
    ],
    "dataset/obj/mesh/cup/cup_0004_white/mesh.obj": [
        [
            0.3897113225704065,
            -0.30321582766511873,
            0.23256099999999996
        ],
        [
            0.2551592814423619,
            0.2551592814423619,
            0.2551592814423619
        ],
        [
            0.0
        ]
    ],
    "dataset/obj/mesh/phone/phone_0000_blue/mesh.obj": [
        [
            -0.2615311774295934,
            0.1390111723348813,
            0.22958799999999996
        ],
        [
            0.22849257205793008,
            0.22849257205793008,
            0.22849257205793008
        ],
        [
            0.0
        ]
    ],
    "dataset/obj/mesh/book/book_0001_blue/mesh.obj": [
        [
            0.11422182257040654,
            -0.2877713276651187,
            0.23259199999999997
        ],
        [
            0.23089222278619076,
            0.2021197370147909,
            0.09081269654607935
        ],
        [
            0.0
        ]
    ],
    "dataset/obj/mesh/plant/plant_0006_normal/mesh.obj": [
        [
            -0.4736766774295934,
            0.08278417233488132,
            0.23259299999999997
        ],
        [
            0.21245217541891814,
            0.21245217541891814,
            0.21245217541891814
        ],
        [
            0.0
        ]
    ],
    "dataset/obj/mesh/bowl/bowl_0002_glass/mesh.obj": [
        [
            -0.3899151774295935,
            -0.28449582766511866,
            0.23758799999999997
        ],
        [
            0.1760413106014992,
            0.137563352515067,
            0.3542134517063914
        ],
        [
            0.0
        ]
    ],
    "dataset/obj/mesh/vase/vase_0001_white/mesh.obj": [
        [
            0.3066268225704066,
            0.03915467233488129,
            0.230591
        ],
        [
            0.3964083933812863,
            0.3964083933812863,
            0.3964083933812863
        ],
        [
            0.0
        ]
    ],
    "dataset/obj/mesh/table/table_0005_wooden/mesh.obj": [
        [
            0.3066268225704066,
            0.03915467233488129,
            0.230591
        ],
        [
            1.4116066271610217,
            2.1699227377319548,
            2.05301735105805
        ],
        [
            0.0
        ]
    ]
}