{
    "dataset/obj/mesh/cup/cup_0001_red/mesh.obj": [
        [
            0.024799500000000002,
            0.7109855,
            -0.035107
        ],
        [
            0.2821239828570064,
            0.2821239828570064,
            0.2821239828570064
        ],
        [
            0.0
        ]
    ],
    "dataset/obj/mesh/bottle/bottle_0003_cola/mesh.obj": [
        [
            0.3096495,
            0.7161175,
            -0.035081
        ],
        [
            0.1983305517418875,
            0.1983305517418875,
            0.1983305517418875
        ],
        [
            0.0
        ]
    ],
    "dataset/obj/mesh/bottle/bottle_0003_green/mesh.obj": [
        [
            -0.25315299999999996,
            0.6612955,
            -0.035026
        ],
        [
            0.22073028652958201,
            0.22073028652958201,
            0.22073028652958201
        ],
        [
            0.0
        ]
    ],
    "dataset/obj/mesh/clock/clock_0001_normal/mesh.obj": [
        [
            0.3561835,
            -0.282443,
            -0.020106000000000006
        ],
        [
            0.2842614629288764,
            0.2842614629288764,
            0.2842614629288764
        ],
        [
            0.0
        ]
    ],
    "dataset/obj/mesh/bottle/bottle_0002_glass/mesh.obj": [
        [
            0.3464615,
            -0.0722635,
            -0.024608000000000005
        ],
        [
            0.19342244260845873,
            0.19342244260845873,
            0.19342244260845873
        ],
        [
            0.0
        ]
    ],
    "dataset/obj/mesh/cup/cup_0004_blue/mesh.obj": [
        [
            0.353908,
            -0.6053934999999999,
            -0.015607999999999997
        ],
        [
            0.38226885129599886,
            0.38226885129599886,
            0.38226885129599886
        ],
        [
            0.0
        ]
    ],
    "dataset/obj/mesh/cup/cup_0004_white/mesh.obj": [
        [
            0.45601,
            0.031595500000000006,
            -0.026099999999999998
        ],
        [
            0.38192095920171615,
            0.38192095920171615,
            0.38192095920171615
        ],
        [
            0.0
        ]
    ],
    "dataset/obj/mesh/keyboard/keyboard_0006_white/mesh.obj": [
        [
            0.4323975,
            0.428125,
            -0.032105
        ],
        [
            0.2064433934740613,
            0.457680493917127,
            0.22246956959649314
        ],
        [
            0.0
        ]
    ],
    "dataset/obj/mesh/monitor/monitor_0014_black/mesh.obj": [
        [
            0.2719075,
            0.3715735,
            -0.03197899999999998
        ],
        [
            0.5199244434814952,
            0.5199244434814952,
            0.5199244434814952
        ],
        [
            180.0
        ]
    ],
    "dataset/obj/mesh/earphone/earphone_0001_normal/mesh.obj": [
        [
            -0.249283,
            -0.0579105,
            -0.022967000000000008
        ],
        [
            0.27347953977201594,
            0.27347953977201594,
            0.27347953977201594
        ],
        [
            0.0
        ]
    ],
    "dataset/obj/mesh/laptop/laptop_0001_normal/mesh.obj": [
        [
            -0.2146585,
            -0.377221,
            -0.01410800000000001
        ],
        [
            0.3326797353084288,
            0.7036993810597209,
            0.44270182263877117
        ],
        [
            0.0
        ]
    ],
    "dataset/obj/mesh/plant/plant_0007_normal/mesh.obj": [
        [
            0.15217550000000002,
            0.6029534999999999,
            -0.03509600000000001
        ],
        [
            0.15856194448344932,
            0.15856194448344932,
            0.15856194448344932
        ],
        [
            0.0
        ]
    ],
    "dataset/obj/mesh/table/table_0004_normal/mesh.obj": [
        [
            0.15217550000000002,
            0.6029534999999999,
            -0.03509600000000001
        ],
        [
            1.208589274973228,
            3.3928895000688946,
            2.1573671706428987
        ],
        [
            0.0
        ]
    ]
}