{"train/loss_per_epoch": 0.008155792485922575, "train/learning_rate": 0.009801, "step": 20, "_timestamp": 1724074957.8492668, "_runtime": 23.74879479408264, "_step": 19, "_wandb": {"runtime": 23}}