{"train/loss_per_epoch": 0.6547232270240784, "train/learning_rate": 0.001, "step": 1, "_timestamp": 1723796739.2157497, "_runtime": 7.347780704498291, "_step": 0, "_wandb": {"runtime": 7}}