{"train/loss_per_epoch": 0.633211761713028, "train/learning_rate": 3.660323412732293e-05, "step": 1000, "_timestamp": 1723807634.3626516, "_runtime": 1923.3329935073853, "_step": 999, "_wandb": {"runtime": 1922}}