{"train/loss_per_epoch": 0.004227025434374809, "train/learning_rate": 0.004612219674180955, "step": 771, "_timestamp": 1724003973.3700032, "_runtime": 886.2123382091522, "_step": 770, "_wandb": {"runtime": 885}}