{"train/loss_per_epoch": 0.6428141295909882, "train/learning_rate": 0.001, "step": 9, "_timestamp": 1723792231.4563804, "_runtime": 20.914398431777954, "_step": 8, "_wandb": {"runtime": 20}}