{"train/loss_per_epoch": 0.0051649450324475765, "train/learning_rate": 0.008687458127689783, "step": 141, "_timestamp": 1724065571.0901048, "_runtime": 149.2096917629242, "_step": 140, "_wandb": {"runtime": 149}}