{"train/loss_per_epoch": 0.4711097776889801, "train/learning_rate": 0.001, "step": 1, "_timestamp": 1723797354.6608155, "_runtime": 7.2852394580841064, "_step": 0, "_wandb": {"runtime": 7}}