{"train/loss_per_epoch": 0.6549429297447205, "train/learning_rate": 0.0001, "step": 1, "_timestamp": 1723809549.2901227, "_runtime": 8.23557186126709, "_step": 0, "_wandb": {"runtime": 8}}