{"train/loss_per_epoch": 0.36269599199295044, "train/learning_rate": 0.008261686238355867, "step": 195, "_timestamp": 1723985947.8443396, "_runtime": 228.78079056739807, "_step": 194, "_wandb": {"runtime": 229}}