{
  "cx": 322.52499383687973,
  "cy": 244.11083984793495,
  "depth_scale": 1.0,
  "fx": 591.0125054253472,
  "fy": 590.167700929445,
  "height": 480,
  "width": 640
}