{"train/loss_per_epoch": 0.05668634548783302, "train/learning_rate": 0.001, "step": 1, "_timestamp": 1723796318.3845084, "_runtime": 7.137780427932739, "_step": 0, "_wandb": {"runtime": 7}}