{"train/loss_per_epoch": 0.6500870883464813, "train/learning_rate": 9.900000000000001e-05, "step": 10, "_timestamp": 1723809855.0336244, "_runtime": 29.642250299453735, "_step": 9, "_wandb": {"runtime": 29}}