{"train/loss_per_epoch": 0.6546812355518341, "train/learning_rate": 0.001, "step": 1, "_timestamp": 1723796476.856236, "_runtime": 7.053406000137329, "_step": 0, "_wandb": {"runtime": 7}}