{"train/loss_per_epoch": 0.004249985329806805, "train/learning_rate": 0.003927110283578049, "step": 936, "_timestamp": 1723987812.5232706, "_runtime": 1062.466462612152, "_step": 935, "_wandb": {"runtime": 1062}}