{"train/loss_per_epoch": 0.004621105268597603, "train/learning_rate": 0.007623427143471037, "step": 273, "_timestamp": 1724066430.4165657, "_runtime": 297.73142075538635, "_step": 272, "_wandb": {"runtime": 296}}