{"train/loss_per_epoch": 0.004264687653630972, "train/learning_rate": 0.0036603234127322924, "step": 1000, "_timestamp": 1723989238.9196255, "_runtime": 1149.0843496322632, "_step": 999, "_wandb": {"runtime": 1148}}