{"train/loss_per_epoch": 0.6544859111309052, "train/learning_rate": 0.001, "step": 1, "_timestamp": 1723797531.700711, "_runtime": 7.427093029022217, "_step": 0, "_wandb": {"runtime": 7}}