{"train/loss_per_epoch": 0.6850307881832123, "train/learning_rate": 0.001, "step": 2, "_timestamp": 1723745990.1580071, "_runtime": 18.101603031158447, "_step": 1, "_wandb": {"runtime": 21}}