{"train/loss_per_epoch": 0.35123246908187866, "train/learning_rate": 0.007105532272722923, "step": 343, "_timestamp": 1723985246.4497588, "_runtime": 490.36528277397156, "_step": 342, "_wandb": {"runtime": 490}}