{"train/loss_per_epoch": 0.5745491981506348, "train/learning_rate": 0.09227446944279201, "step": 81, "_timestamp": 1723810733.2213829, "_runtime": 170.54684686660767, "_step": 80, "_wandb": {"runtime": 169}}