{"train/loss_per_epoch": 0.36740317940711975, "train/learning_rate": 0.009043820750088045, "step": 105, "_timestamp": 1723821055.9382243, "_runtime": 231.56547737121582, "_step": 104, "_wandb": {"runtime": 232}}