{"train/loss_per_epoch": 0.004881820874288678, "train/learning_rate": 0.008179069375972308, "step": 207, "_timestamp": 1724066925.0318043, "_runtime": 238.14393544197083, "_step": 206, "_wandb": {"runtime": 238}}