{"train/loss_per_epoch": 0.48050469160079956, "train/learning_rate": 0.0009801, "step": 25, "_timestamp": 1723731559.9461212, "_runtime": 61.429166316986084, "_step": 24, "_wandb": {"runtime": 60}}