{"train/loss_per_epoch": 0.6850294470787048, "train/learning_rate": 0.001, "step": 2, "_timestamp": 1723748060.4548657, "_runtime": 8.627045631408691, "_step": 1, "_wandb": {"runtime": 9}}