{"train/loss_per_epoch": 0.6547150611877441, "train/learning_rate": 9.801e-11, "step": 25, "_timestamp": 1723798468.9294357, "_runtime": 53.31710982322693, "_step": 24, "_wandb": {"runtime": 52}}