{"train/loss_per_epoch": 0.47102707624435425, "train/learning_rate": 0.001, "step": 1, "_timestamp": 1723797154.8214123, "_runtime": 6.861892223358154, "_step": 0, "_wandb": {"runtime": 7}}