{"train/loss_per_epoch": 0.5547049939632416, "train/learning_rate": 0.006622820409839836, "step": 419, "_timestamp": 1723816925.1733286, "_runtime": 865.0931825637817, "_step": 418, "_wandb": {"runtime": 866}}