{"train/loss_per_epoch": 0.552751362323761, "train/learning_rate": 0.00617290140942288, "step": 480, "_timestamp": 1723819413.8642294, "_runtime": 1001.9452364444733, "_step": 479, "_wandb": {"runtime": 1002}}