{"train/loss_per_epoch": 0.005647786892950535, "train/learning_rate": 0.009043820750088045, "step": 100, "_timestamp": 1724067500.7755141, "_runtime": 116.59918308258057, "_step": 99, "_wandb": {"runtime": 116}}