{"train/loss_per_epoch": 0.00492310244590044, "train/learning_rate": 0.008863848717161293, "step": 121, "_timestamp": 1724002910.284933, "_runtime": 137.24649310112, "_step": 120, "_wandb": {"runtime": 137}}