{"train/loss_per_epoch": 0.6546502113342285, "train/learning_rate": 1e-08, "step": 4, "_timestamp": 1723798154.4988003, "_runtime": 12.926026344299316, "_step": 3, "_wandb": {"runtime": 14}}