{"train/loss_per_epoch": 0.00945486081764102, "train/learning_rate": 0.01, "step": 1, "_timestamp": 1724074894.653008, "_runtime": 6.323630094528198, "_step": 0, "_wandb": {"runtime": 5}}