{"train/loss_per_epoch": 0.6807364225387573, "train/learning_rate": 0.001, "step": 3, "_timestamp": 1723737792.7362778, "_runtime": 13.69202971458435, "_step": 2, "_wandb": {"runtime": 14}}