{"train/loss_per_epoch": 0.6850291192531586, "train/learning_rate": 0.001, "step": 2, "_timestamp": 1723747673.0238566, "_runtime": 8.641472578048706, "_step": 1, "_wandb": {"runtime": 9}}