{"train/loss_per_epoch": 0.573107123374939, "train/learning_rate": 0.006825545950103872, "step": 381, "_timestamp": 1723811523.1478322, "_runtime": 762.1769840717316, "_step": 380, "_wandb": {"runtime": 763}}