{"train/loss_per_epoch": 0.004819628316909075, "train/learning_rate": 0.008097278682212584, "step": 219, "_timestamp": 1724067357.0911207, "_runtime": 248.51243662834167, "_step": 218, "_wandb": {"runtime": 248}}