{"train/loss_per_epoch": 0.3540809154510498, "train/learning_rate": 0.007936142836436554, "step": 237, "_timestamp": 1723821606.2909942, "_runtime": 524.381548166275, "_step": 236, "_wandb": {"runtime": 525}}