{"train/loss_per_epoch": 0.007728856755420566, "train/learning_rate": 0.009801, "step": 20, "_timestamp": 1724075059.651455, "_runtime": 25.663230895996094, "_step": 19, "_wandb": {"runtime": 25}}