{"train/loss_per_epoch": 0.6412911713123322, "train/learning_rate": 7.397003733882805e-05, "step": 300, "_timestamp": 1723799895.4801145, "_runtime": 589.5367324352264, "_step": 299, "_wandb": {"runtime": 588}}