{"train/loss_per_epoch": 0.005002419929951429, "train/learning_rate": 0.008687458127689783, "step": 145, "_timestamp": 1724058538.6999404, "_runtime": 164.4669394493103, "_step": 144, "_wandb": {"runtime": 165}}