{"train/loss_per_epoch": 0.005134217208251357, "train/learning_rate": 0.008600583546412886, "step": 158, "_timestamp": 1724167806.691263, "_runtime": 192.4782018661499, "_step": 157, "_wandb": {"runtime": 192}}