{"train/loss_per_epoch": 0.6873022615909576, "train/learning_rate": 0.001, "step": 1, "_timestamp": 1723747769.5363405, "_runtime": 6.784010410308838, "_step": 0, "_wandb": {"runtime": 6}}