{"train/loss_per_epoch": 0.5945438742637634, "train/learning_rate": 0.0093206534790699, "step": 72, "_timestamp": 1723986719.5547683, "_runtime": 83.16942739486694, "_step": 71, "_wandb": {"runtime": 82}}