{"train/loss_per_epoch": 0.6529889702796936, "train/learning_rate": 0.0001, "step": 2, "_timestamp": 1723809346.6277785, "_runtime": 9.13243842124939, "_step": 1, "_wandb": {"runtime": 10}}