{"train/loss_per_epoch": 0.008853771723806858, "train/learning_rate": 0.01, "step": 7, "_timestamp": 1724330327.816836, "_runtime": 22.48971915245056, "_step": 6, "_wandb": {"runtime": 21}}