{"train/loss_per_epoch": 0.6496140956878662, "train/learning_rate": 9.900000000000001e-05, "step": 10, "_timestamp": 1723809975.923466, "_runtime": 25.01663899421692, "_step": 9, "_wandb": {"runtime": 24}}