{"train/loss_per_epoch": 0.0045893690548837185, "train/learning_rate": 0.0036603234127322924, "step": 1000, "_timestamp": 1724002429.1266768, "_runtime": 1149.5339498519897, "_step": 999, "_wandb": {"runtime": 1148}}