{"train/loss_per_epoch": 0.6557065844535828, "train/learning_rate": 1e-05, "step": 1, "_timestamp": 1723797985.8474872, "_runtime": 7.214101314544678, "_step": 0, "_wandb": {"runtime": 7}}