{"train/loss_per_epoch": 0.6503013968467712, "train/learning_rate": 9.900000000000001e-05, "step": 10, "_timestamp": 1723809732.010239, "_runtime": 44.41660284996033, "_step": 9, "_wandb": {"runtime": 43}}