{"train/loss_per_epoch": 0.6540277004241943, "train/learning_rate": 1e-08, "step": 1, "_timestamp": 1723798587.723294, "_runtime": 7.379457950592041, "_step": 0, "_wandb": {"runtime": 8}}